ID,Category,Working Title,Target Keyword,Search Intent,Target Persona,Suggested Word Count,Priority
1,Home Loan Guide,How to Apply for a Home Loan in India: Step-by-Step 2026 Guide,how to apply for home loan,Informational / Transactional,First-time homebuyers,1800,High
2,Eligibility,Home Loan Eligibility: Complete Guide to FOIR and Salary Multipliers,home loan eligibility criteria,Informational / Commercial,Salaried applicants,1600,High
3,Documentation,Complete Checklist of Documents Required for Home Loan Approval,documents required for home loan,Informational,All prospective borrowers,1500,High
4,Home Loan Guide,The Complete Home Loan Process Explained: From Sanction to Disbursement,home loan process in India,Informational,Home buyers,1700,High
5,EMI,How Home Loan EMI Is Calculated: Formula vs Online Calculators,how home loan emi is calculated,Informational,Borrowers planning budget,1400,Medium
6,Self-Employed Applicants,Home Loan for Self Employed Individuals: Approval Without Standard ITR,home loan for self employed without itr,Commercial / Persona,Business owners & freelancers,1800,High
7,Salaried Applicants,Home Loan for Salaried Employees: How to Get Lowest Spreads and Fast Sanction,home loan for salaried employees,Commercial / Persona,Corporate & government employees,1500,High
8,Loan Against Property,What Is Loan Against Property (LAP)? Complete Features & Benefits Guide,what is loan against property,Informational,Property owners needing liquidity,1800,High
9,Documentation,Essential Documents Required for Loan Against Property in Delhi NCR,documents for loan against property,Informational,Business owners / LAP applicants,1400,High
10,Property Finance,Home Loan vs Loan Against Property: Key Differences in Rates Tenure and Tax,home loan vs loan against property,Commercial / Comparison,Borrowers deciding mortgage type,1600,High
11,Loan Transfer,What Is Home Loan Balance Transfer? Calculate Interest Savings and Break-Even,home loan balance transfer,Commercial / Transactional,Existing high-interest borrowers,1700,High
12,Eligibility,10 Proven Ways to Improve Your Home Loan Eligibility Quickly,how to improve home loan eligibility,Informational,Borrowers with borderline income,1500,High
13,Home Loan Guide,What Factors Affect Home Loan Approval? Credit Score Property Valuation and Income,factors affecting home loan approval,Informational,All applicants,1400,Medium
14,Property Finance,How Property Valuation and Legal Clearance Impact Your Home Loan Amount,property valuation for home loan,Informational / Legal,Buyers purchasing resale flats,1500,Medium
15,Home Loan Guide,12 Common Home Loan Application Mistakes and How to Avoid Rejection,home loan application mistakes,Informational,First-time applicants,1400,Medium
16,Interest Rates,Fixed vs Floating Home Loan Rates: Which Should You Choose in 2026?,fixed vs floating home loan interest rate,Commercial / Informational,Rate-sensitive buyers,1500,High
17,Financial Planning,Home Loan Tax Benefits Under Section 80C Section 24b and 80EEA Explained,home loan tax benefits,Informational,Tax-planning professionals,1800,High
18,First-Time Home Buyers,First-Time Home Buyer Loan Checklist: A Beginner Guide to Financing,first time home buyer loan guide,Informational,Millennials & young families,1600,High
19,Loan Transfer,Home Loan Top-Up vs Personal Loan: Which Is Cheaper for Renovation?,home loan top up vs personal loan,Commercial / Comparison,Homeowners needing extra cash,1400,High
20,Property Finance,Understanding Maximum LTV (Loan to Value Ratio) in Home Loans by RBI,maximum ltv for home loan rbi guidelines,Informational / Regulatory,Buyers calculating down payment,1400,Medium
21,Self-Employed Applicants,How Banking Surrogate and GST Turnover Are Used to Sanction Business Loans,banking surrogate home loan,Commercial,Proprietors & SME directors,1600,High
22,Interest Rates,How RBI Repo Rate Changes Directly Influence Your Home Loan Interest Rate,rbi repo rate impact on home loan,Informational,Borrowers tracking RLLR,1500,Medium
23,Eligibility,Can a Co-Applicant Increase Your Home Loan Eligibility? Rules and Tax Deductions,co applicant in home loan,Informational / Commercial,Couples & joint family buyers,1500,High
24,First-Time Home Buyers,How Much Down Payment Do You Really Need to Buy a Flat in Delhi NCR?,home loan down payment requirement,Informational,NCR real estate buyers,1400,High
25,Loan Against Property,Can You Get a Loan Against Commercial Property or Industrial Plot?,loan against commercial property,Commercial,Factory & shop owners,1500,High
26,Documentation,What Is Chain of Title Documents and Why Banks Reject Incomplete Deeds?,property chain documents home loan,Informational / Legal,Buyers of resale property,1600,High
27,Home Loan Guide,Pre-Approved Home Loan: Pros Cons and How to Secure One Before Searching Properties,pre approved home loan benefits,Commercial,Active property hunters,1300,Medium
28,Financial Planning,Prepayment vs Investment: Should You Prepay Your Home Loan or Invest in SIP?,prepaying home loan vs mutual funds,Informational / Advisory,Financially savvy borrowers,1600,High
29,EMI,Step-Up EMI vs Standard EMI: Which Home Loan Repayment Scheme Suits You?,step up emi home loan,Informational / Commercial,Young salaried professionals,1400,Medium
30,Loan Transfer,MODT Charges Foreclosure Formalities and Legal Fees in Home Loan Transfer,modt charges balance transfer,Informational / Cost Breakdown,Borrowers switching banks,1500,High
31,Property Finance,Buying a Builder Floor in Delhi: Bank Financing Eligibility and Registry Rules,home loan on builder floor in delhi,Local Commercial,Delhi residents buying builder floors,1600,High
32,Property Finance,Financing a DDA Flat in Delhi: Allotment Conveyance Deed and Bank Loans,dda flat home loan procedure,Local Commercial,DDA housing scheme buyers,1500,High
33,Property Finance,Can You Get a Home Loan on Lal Dora or Gram Sabha Land in Delhi NCR?,home loan lal dora property delhi,Local / Legal,Rural & extended Delhi residents,1400,Medium
34,Self-Employed Applicants,Home Loan for CA Doctors and Lawyers: Professional Loan Programs in India,home loan for professionals doctors ca,Commercial / Niche,Certified professionals,1400,Medium
35,Salaried Applicants,How Variable Pay Bonuses and Incentives Are Counted in Home Loan Eligibility,variable pay calculation home loan,Informational,Sales & tech workers,1300,Medium
36,Interest Rates,Understanding Spread and Benchmark in Home Loan Contracts: Avoiding Hidden Surprises,home loan spread and benchmark,Informational,Borrowers comparing bank agreements,1400,Medium
37,Home Loan Guide,What Happens to Your Home Loan When Changing Jobs During Processing?,changing job during home loan application,Informational,Career changers,1200,Medium
38,Eligibility,How Does a CIBIL Score Below 700 Affect Your Home Loan Approval Chances?,home loan with low cibil score,Informational / Recovery,Borrowers with past credit issues,1500,High
39,Loan Against Property,Loan Against Property for Business Expansion: Capital Infusion Without Equity Dilution,lap for business working capital,Commercial,SME founders,1600,High
40,Loan Against Property,How Banks Value Your Property for LAP: Technical and Legal Valuation Checklist,bank valuation for loan against property,Informational / Process,Commercial real estate owners,1400,Medium
41,Financial Planning,Joint Home Loan Tax Benefit: How Spouses Can Double Their Deductions,joint home loan tax exemption 80c 24b,Informational / Tax,Working married couples,1500,High
42,Documentation,What to Do If Original Property Papers Are Lost: Applying for Certified Copies and Loans,loan with certified copy of property papers,Informational / Troubleshooting,Owners with missing original title,1500,Medium
43,Home Loan Guide,Sanction Letter vs Disbursement Letter: What Each Document Means for You,home loan sanction letter validity,Informational,Borrowers awaiting final payout,1200,Low
44,First-Time Home Buyers,Hidden Costs in Buying a Home: Stamp Duty Registration GST and Processing Fees,hidden costs in home purchase india,Informational,First-time buyers,1500,High
45,EMI,How Extending Your Loan Tenure from 20 to 30 Years Increases Total Interest Paid,impact of home loan tenure on total interest,Informational / Analytical,Cost-conscious borrowers,1400,Medium
46,Loan Transfer,Top 5 Warning Signs It Is Time to Transfer Your Home Loan,when to balance transfer home loan,Commercial,Borrowers with old legacy loans,1300,High
47,Property Finance,Under-Construction Property vs Ready-to-Move: Which Has Easier Loan Disbursement?,home loan under construction vs ready to move,Informational,Home investors,1500,Medium
48,Self-Employed Applicants,How Cash Flow and Debt Service Coverage Ratio (DSCR) Determine High-Ticket Loans,dscr calculation for property loans,Technical / Commercial,Commercial real estate investors,1500,Medium
49,Financial Planning,Home Loan Insurance (Term Cover vs Mortgage Insurance): Is It Mandatory?,is home loan insurance compulsory,Informational / Consumer Rights,Borrowers being pressured by banks,1400,High
50,Home Loan Guide,Why Working with a Multi-Bank Loan Advisor Outperforms Walking Into a Single Branch,why use home loan consultant vs bank,Commercial / Advisory,All prospective borrowers,1600,High
