Source Page,Target Page,Recommended Anchor Text,Link Placement Context,SEO Value & Link Equity Flow
Homepage,/home-loan,Explore Home Loan Rates & Options,Hero Sub-headline and Services Overview grid,Transfers primary authority to core home loan portfolio
Homepage,/home-loan-consultant,Consult an Independent Home Loan Advisor,Features & 70+ bank comparison section,Builds topical relevance for consultant & advisor queries
Homepage,/loan-against-property,Loan Against Property (LAP) Advisory,Core product comparison tabs and calculator,Connects commercial mortgage queries to high-intent page
Homepage,/home-loan-delhi,Home Loan Services in Delhi,Local presence & branch doorstep advisory section,Strengthens geo-location signals for Delhi market
Homepage,/home-loan-eligibility,Calculate Home Loan Eligibility,EMI and Eligibility estimator summary card,Guides intent from calculation to lead generation
Homepage,/contact,Schedule Doorstep Consultation,Sticky actions and header navigation,Direct conversion flow
/home-loan,/home-loan-documents,complete home loan documents checklist,Documentation readiness paragraph,Satisfies user information intent before application
/home-loan,/home-loan-eligibility,check your maximum eligibility,FOIR calculation & borrowing capacity box,Helps applicant prepare financial credentials
/home-loan,/home-loan-balance-transfer,home loan balance transfer options,Existing loan switching & interest reduction section,Captures existing borrowers paying high rates
/home-loan,/home-loan-delhi,Delhi NCR loan processing guidelines,Local city property types (DDA builder floors),Anchors local relevance from high authority service page
/home-loan-consultant,/about,Group ACH authorized partner network,Credentials & 70+ bank connector accreditation,Solidifies E-E-A-T and removes trust friction
/home-loan-consultant,/home-loan-for-salaried,home loans for salaried professionals,Applicant persona differentiation block,Ranks for persona specific queries
/home-loan-consultant,/home-loan-for-self-employed,custom structuring for self-employed applicants,Business owner and GST surrogate section,High ticket loan applicant conversion
/loan-against-property,/loan-against-property-delhi,Loan Against Property in Delhi,Delhi valuation and registry verification section,Directs local business owners to Delhi LAP page
/loan-against-property,/home-loan,compare with regular home loan,Difference between LAP and standard home purchase,Clarifies interest rate differential & tax treatment
/loan-against-property-delhi,/loan-against-property,all property loan options,Overview of mortgage loan products,Passes local relevance back to main category
/home-loan-delhi,/home-loan-delhi-ncr,Gurugram Noida and Ghaziabad coverage,Regional expansion & doorstep team availability,Binds NCR cluster pages together
/home-loan-eligibility,/home-loan-balance-transfer,reduce your interest rate with a balance transfer,Post-calculation options for existing borrowers,Conversion route for high-EMI borrowers
/home-loan-documents,/home-loan-for-salaried,salaried documents checklist,Specific breakdown for salaried applicants,Targeted deep link
/home-loan-documents,/home-loan-for-self-employed,self-employed ITR and GST paperwork,Detailed requirements for entrepreneurs,Targeted deep link
/blog/home-loan-eligibility-criteria-guide,/home-loan-eligibility,online home loan eligibility estimator,Contextual link in methodology section,Converts informational blog readers into qualified leads
/blog/complete-documents-checklist-home-loan,/home-loan-documents,full documents checklist,In-article anchor text,Connects informational content to commercial checklist
/blog/loan-against-property-vs-home-loan-differences,/loan-against-property,apply for a loan against property,Final recommendation and conclusion,Drives commercial conversions from comparison searches
/blog/home-loan-balance-transfer-savings-calculator,/home-loan-balance-transfer,initiate a home loan balance transfer,Call-to-action banner within article,High-converting contextual CTA
