Keyword,Search Intent,Target URL,Classification,Suggested Title,Suggested H1,Search Volume,Content Requirement,Primary Internal Links
home loan,Commercial / Transactional,https://achlinks.in/home-loan,Primary,Best Home Loan Rates & Advisory in Delhi NCR | Group ACH,Home Loan Advisory & Lowest Interest Rates in Delhi NCR,Data required from Google Keyword Planner / Search Console,Comprehensive rate comparison 70+ banks eligibility calculator doorstep document support,"/home-loan-eligibility, /home-loan-documents, /contact"
home loan consultant,Commercial / Investigational,https://achlinks.in/home-loan-consultant,Primary,Expert Home Loan Consultant in Delhi NCR | Group ACH,Independent Home Loan Consultant for Top Banks & NBFCs,Data required from Google Keyword Planner / Search Console,Why hire an independent advisor vs going to single bank negotiation tactics sanction timeline,"/home-loan, /home-loan-delhi, /about"
home loan advisor,Commercial / Investigational,https://achlinks.in/home-loan-consultant,Secondary,Certified Home Loan Advisor & Mortgage Broker | Group ACH,Personalized Home Loan Advisory & Doorstep Service,Data required from Google Keyword Planner / Search Console,One-on-one consultation profile evaluation credit score optimization,"/home-loan, /contact"
home loan agent,Transactional,https://achlinks.in/home-loan-consultant,Secondary,Authorized Home Loan Agent for 70+ Banks | Group ACH,Authorized Direct Selling Partner & Loan Processing Specialist,Data required from Google Keyword Planner / Search Console,Multi-bank connector credibility no upfront fee transparency,"/bank-partners, /home-loan-process"
home loan assistance,Informational / Commercial,https://achlinks.in/home-loan,Secondary,End-to-End Home Loan Assistance from Sanction to Disbursement | Group ACH,Complete Home Loan Assistance Across Delhi NCR,Data required from Google Keyword Planner / Search Console,Step-by-step guidance legal vetting valuation support,"/home-loan-process, /home-loan-documents"
home loan in Delhi,Local Commercial,https://achlinks.in/home-loan-delhi,Primary,Home Loan in Delhi: Compare 70+ Banks & Lowest Rates | Group ACH,Home Loan Solutions & Advisory Across Delhi,Data required from Google Keyword Planner / Search Console,Delhi property categories DDA freehold builder floors Lal Dora clearance,"/home-loan-delhi-ncr, /loan-against-property-delhi"
home loan consultant in Delhi,Local Commercial,https://achlinks.in/home-loan-delhi,Primary,Top Home Loan Consultant in Delhi | Free Eligibility Check | Group ACH,Trusted Home Loan Consultant in Delhi & Doorstep Support,Data required from Google Keyword Planner / Search Console,Dedicated Delhi area managers Dwarka South Delhi West Delhi Rohini,"/contact, /home-loan-eligibility"
home loan advisor in Delhi,Local Commercial,https://achlinks.in/home-loan-delhi,Secondary,Home Loan Advisor in Delhi: Tailored Mortgages & Low EMIs | Group ACH,Experienced Home Loan Advisor in Delhi,Data required from Google Keyword Planner / Search Console,Case studies high LTV customized repayment schemes,"/about, /calculators"
home loan consultant in Delhi NCR,Local Commercial,https://achlinks.in/home-loan-delhi-ncr,Primary,Home Loan Consultant in Delhi NCR (Gurugram Noida Ghaziabad) | Group ACH,Home Loan Advisory Across Entire Delhi NCR Region,Data required from Google Keyword Planner / Search Console,Regional coverage Gurugram expressway Noida extensions Faridabad,"/home-loan-delhi, /contact"
loan against property,Commercial / Transactional,https://achlinks.in/loan-against-property,Primary,Loan Against Property (LAP) Advisory & Low Rates | Group ACH,Loan Against Property (LAP) - Unlock Equity From Your Real Estate,Data required from Google Keyword Planner / Search Console,Residential commercial industrial mortgage rules LTV tenure business expansion,"/loan-against-property-delhi, /calculators"
loan against property consultant,Commercial,https://achlinks.in/loan-against-property,Primary,Loan Against Property Consultant in Delhi NCR | Group ACH,Expert Loan Against Property Consultant & High LTV Structuring,Data required from Google Keyword Planner / Search Console,Complex titles cash flow evaluation high ticket financing,"/loan-against-property, /about"
loan against property in Delhi,Local Commercial,https://achlinks.in/loan-against-property-delhi,Primary,Loan Against Property in Delhi: Highest LTV & Fast Sanction | Group ACH,Loan Against Property in Delhi for Residential & Commercial Assets,Data required from Google Keyword Planner / Search Console,Registry verified properties MCD sanctioned map requirements,"/loan-against-property, /contact"
property loan,Commercial,https://achlinks.in/loan-against-property,Secondary,Property Loan Options & Mortgage Financing | Group ACH,Comprehensive Property Loan Advisory for Residential & Commercial Assets,Data required from Google Keyword Planner / Search Console,Property loan vs home loan differences end-use flexibility,"/home-loan, /loan-against-property"
mortgage loan,Commercial / Informational,https://achlinks.in/loan-against-property,Secondary,Mortgage Loan Advisory & Doorstep Assistance | Group ACH,Low-Interest Mortgage Loans Across 70+ Financial Partners,Data required from Google Keyword Planner / Search Console,Equitable vs registered mortgage lien clearing process,"/loan-against-property-delhi, /home-loan-documents"
home loan eligibility,Informational / Transactional,https://achlinks.in/home-loan-eligibility,Primary,Home Loan Eligibility Calculator & Criteria in India | Group ACH,Home Loan Eligibility Criteria: Calculate Maximum Borrowing Power,Data required from Google Keyword Planner / Search Console,FOIR calculation net monthly salary multiplier co-applicant enhancement,"/home-loan, /calculators"
home loan interest rate,Informational / Commercial,https://achlinks.in/home-loan,Secondary,Current Home Loan Interest Rates 2026: Compare 70+ Banks | Group ACH,Latest Home Loan Interest Rates & Bank Benchmark Comparison,Data required from Google Keyword Planner / Search Console,Repo-linked lending rate (RLLR) fixed vs floating spread review,"/home-loan-balance-transfer, /bank-partners"
home loan documents,Informational,https://achlinks.in/home-loan-documents,Primary,Home Loan Documents Checklist for Salaried & Self-Employed | Group ACH,Complete Home Loan Documents Required Checklist,Data required from Google Keyword Planner / Search Console,KYC income papers ITR Form 16 property chain title deed,"/home-loan, /home-loan-for-salaried"
home loan balance transfer,Commercial / Transactional,https://achlinks.in/home-loan-balance-transfer,Primary,Home Loan Balance Transfer: Reduce EMI & Top-Up Loan | Group ACH,Home Loan Balance Transfer Assistance & Interest Savings,Data required from Google Keyword Planner / Search Console,Break-even calculation foreclosure foreclosure letter title takeover,"/calculators, /home-loan"
home loan for salaried,Commercial / Persona-Specific,https://achlinks.in/home-loan-for-salaried,Primary,Home Loan for Salaried Employees: Fast Approval & Low EMI | Group ACH,Home Loan for Salaried Professionals in MNCs & Government,Data required from Google Keyword Planner / Search Console,Salary slip banking EPFO verification variable pay consideration,"/home-loan-documents, /home-loan-eligibility"
home loan for self employed,Commercial / Persona-Specific,https://achlinks.in/home-loan-for-self-employed,Primary,Home Loan for Self Employed & Business Owners | Group ACH,Home Loan Solutions for Self-Employed & Business Proprietors,Data required from Google Keyword Planner / Search Console,ITR computation banking turnover surrogate programs GST schemes,"/home-loan-documents, /loan-against-property"
home loan consultant near me,Local Intent,https://achlinks.in/home-loan-delhi,Secondary,Home Loan Consultant Near Me: Local Doorstep Advisory | Group ACH,Find a Trusted Home Loan Consultant Near You in Delhi NCR,Data required from Google Keyword Planner / Search Console,Doorstep document pickup local representative assignment zero branch visits,"/contact, /home-loan-delhi-ncr"
loan against property consultant near me,Local Intent,https://achlinks.in/loan-against-property-delhi,Secondary,Loan Against Property Consultant Near Me | Group ACH,Local Loan Against Property Advisors Across Delhi NCR,Data required from Google Keyword Planner / Search Console,Local property evaluation legal check nearest advisor dispatch,"/contact, /loan-against-property"
Group ACH,Brand,https://achlinks.in/,Primary,Group ACH | Premier Home Loan & Property Finance Advisors,Group ACH: Connecting Borrowers With 70+ Trusted Institutions,Data required from Google Keyword Planner / Search Console,Brand identity leadership 70+ partner institutions track record,"/about, /contact"
achlinks,Brand,https://achlinks.in/,Primary,ACH Links - Official Home Loan & LAP Portal | Group ACH,ACH Links - Transparent Mortgage & Loan Advisory,Data required from Google Keyword Planner / Search Console,Official web domain verified advisory doorstep services,"/home-loan, /loan-against-property"
