URL,Title,Title Length,Meta Description,Meta Description Length,H1,Canonical URL,OG Title,OG Description,Robots
https://achlinks.in/,Home Loan & Loan Against Property Consultant in Delhi NCR | Group ACH,69,Looking for a Home Loan or Loan Against Property in Delhi NCR? Group ACH connects you with 70+ leading banks & NBFCs for lowest interest rates and personalized doorstep advisory.,174,Home Loan & Loan Against Property Assistance in Delhi NCR,https://achlinks.in/,Home Loan & Loan Against Property Consultant in Delhi NCR | Group ACH,Compare 70+ partner banks & NBFCs for Home Loans & Loan Against Property in Delhi NCR. Unbiased rate advisory and priority approvals.,index follow
https://achlinks.in/home-loan,Best Home Loan Rates & Advisory in Delhi NCR | Group ACH,56,Compare top bank home loan rates in Delhi NCR starting from competitive benchmark rates. Get instant sanction guidance with Group ACH.,132,Home Loan Advisory & Lowest Interest Rates in Delhi NCR,https://achlinks.in/home-loan,Best Home Loan Rates & Advisory in Delhi NCR | Group ACH,Compare 70+ bank home loan interest rates in Delhi NCR with expert guidance and doorstep service.,index follow
https://achlinks.in/home-loan-consultant,Expert Home Loan Consultant in Delhi NCR | Group ACH,52,Consult top home loan advisors at Group ACH. We negotiate with 70+ banks & NBFCs on your behalf for fastest sanction and maximum LTV.,131,Independent Home Loan Consultant for Top Banks & NBFCs,https://achlinks.in/home-loan-consultant,Expert Home Loan Consultant in Delhi NCR | Group ACH,Partner with an independent mortgage advisor to secure maximum eligibility and quick sanctions.,index follow
https://achlinks.in/loan-against-property,Loan Against Property (LAP) Advisory & Low Rates | Group ACH,60,Unlock up to 75% market value of residential or commercial property with Loan Against Property advisory by Group ACH in Delhi NCR.,133,Loan Against Property (LAP) - Unlock Equity From Your Real Estate,https://achlinks.in/loan-against-property,Loan Against Property (LAP) Advisory & Low Rates | Group ACH,Leverage commercial or residential real estate equity with low interest rates and flexible repayment options.,index follow
https://achlinks.in/loan-against-property-delhi,Loan Against Property in Delhi: Highest LTV & Fast Sanction | Group ACH,71,Get Loan Against Property in Delhi with transparent evaluation, high LTV, and door-step processing for residential & commercial units.,132,Loan Against Property in Delhi for Residential & Commercial Assets,https://achlinks.in/loan-against-property-delhi,Loan Against Property in Delhi | Group ACH,High-ticket property loans for business expansion and debt consolidation in Delhi.,index follow
https://achlinks.in/home-loan-delhi,Home Loan in Delhi: Compare 70+ Banks & Lowest Rates | Group ACH,64,Get the best Home Loan in Delhi for DDA flats, builder floors, and freehold properties. Group ACH provides doorstep assistance and legal checks.,144,Home Loan Solutions & Advisory Across Delhi,https://achlinks.in/home-loan-delhi,Home Loan in Delhi | Compare 70+ Banks | Group ACH,Expert mortgage advisory for DDA, builder floors, and luxury homes in Delhi with door-step support.,index follow
https://achlinks.in/home-loan-delhi-ncr,Home Loan Consultant in Delhi NCR (Gurugram Noida) | Group ACH,62,Home loan assistance across Delhi NCR including Gurugram, Noida, Ghaziabad, and Faridabad. Zero branch runs with doorstep advisory.,132,Home Loan Advisory Across Entire Delhi NCR Region,https://achlinks.in/home-loan-delhi-ncr,Home Loan Consultant in Delhi NCR | Group ACH,Specialized home loans across Gurugram, Noida, Ghaziabad and Faridabad with multi-bank comparison.,index follow
https://achlinks.in/home-loan-eligibility,Home Loan Eligibility Calculator & Criteria in India | Group ACH,64,Understand FOIR, salary multiplier, CIBIL score requirements, and methods to boost your home loan eligibility with Group ACH advisors.,133,Home Loan Eligibility Criteria: Calculate Maximum Borrowing Power,https://achlinks.in/home-loan-eligibility,Home Loan Eligibility Calculator & Criteria | Group ACH,Calculate your maximum borrowing limit and discover proven ways to improve your home loan eligibility.,index follow
https://achlinks.in/home-loan-documents,Home Loan Documents Checklist for Salaried & Self-Employed | Group ACH,69,Complete checklist of documents required for Home Loan approval in India. KYC, income proofs, property chain papers, and sanction requisites.,141,Complete Home Loan Documents Required Checklist,https://achlinks.in/home-loan-documents,Home Loan Documents Checklist | Group ACH,Download the essential documents checklist for smooth sanction without rejections.,index follow
https://achlinks.in/home-loan-balance-transfer,Home Loan Balance Transfer: Reduce EMI & Top-Up Loan | Group ACH,64,Transfer your existing home loan to a lower interest rate. Calculate interest savings, top-up eligibility, and smooth foreclosure takeover.,137,Home Loan Balance Transfer Assistance & Interest Savings,https://achlinks.in/home-loan-balance-transfer,Home Loan Balance Transfer | Group ACH,Reduce your monthly EMI by transferring your high-interest home loan to top banks.,index follow
https://achlinks.in/home-loan-for-salaried,Home Loan for Salaried Employees: Fast Approval & Low EMI | Group ACH,68,Exclusive home loan advisory for salaried professionals working in MNCs, IT, and government sectors. Enjoy minimal documentation & low spreads.,145,Home Loan for Salaried Professionals in MNCs & Government,https://achlinks.in/home-loan-for-salaried,Home Loan for Salaried Employees | Group ACH,Specialized rates and streamlined documentation for salaried executives in Delhi NCR.,index follow
https://achlinks.in/home-loan-for-self-employed,Home Loan for Self Employed & Business Owners | Group ACH,58,Specialized home loan structuring for self-employed professionals, traders, and SME owners based on GST, turnover, and banking surrogates.,137,Home Loan Solutions for Self-Employed & Business Proprietors,https://achlinks.in/home-loan-for-self-employed,Home Loan for Self Employed & Business Owners | Group ACH,No standard ITR? Explore banking surrogate and GST-based loan programs with Group ACH.,index follow
https://achlinks.in/about,About Group ACH: 70+ Partner Institutions & Loan Advisory,57,Learn about Group ACH's mission, leadership, multi-bank network, and customer-first loan advisory across India.,112,About Group ACH - Transparent Loan Connecting Advisory,https://achlinks.in/about,About Group ACH | 70+ Partner Institutions,Learn how Group ACH brings transparency, doorstep service, and lowest rates to borrowers.,index follow
https://achlinks.in/contact,Contact Group ACH: Direct Advisory Hotline & Consultation,57,Connect with Group ACH loan specialists for doorstep service, instant WhatsApp advice, and customized mortgage quotes.,119,Contact Group ACH Loan Specialists,https://achlinks.in/contact,Contact Group ACH | Direct Advisory Hotline,Speak with our loan advisors today for free consultation and doorstep document assistance.,index follow
https://achlinks.in/faq,Frequently Asked Questions: Home Loans & Property Loans | Group ACH,67,Answers to common questions regarding home loan approval, interest rate calculation, CIBIL impact, foreclosure, and documentation.,133,Home Loan & Property Finance Knowledge Base,https://achlinks.in/faq,Frequently Asked Questions | Group ACH,Find quick answers to common queries about home loans, eligibility, and loan against property.,index follow
https://achlinks.in/blog,Home Loan & Real Estate Finance Guides | Group ACH Blog,54,Expert insights, regulatory updates, tax saving tips, and smart borrowing strategies written by seasoned mortgage consultants.,128,Mortgage Insights, Rate Trends & Home Loan Guides,https://achlinks.in/blog,Home Loan & Property Finance Guides | Group ACH Blog,Stay updated with repo rate changes, tax deductions, and smart mortgage strategies.,index follow
