Page Name,URL,Primary Keyword,Secondary Keywords,Search Intent,SEO Title,Meta Description,H1,Recommended Word Count,Schema,Internal Links,CTA,Index/Noindex
Homepage,https://achlinks.in/,home loan consultant Delhi NCR,"home loan, loan against property, mortgage advisor, achlinks",Commercial / Transactional,Home Loan & Loan Against Property Consultant in Delhi NCR | Group ACH,Looking for a Home Loan or Loan Against Property in Delhi NCR? Group ACH connects you with 70+ leading banks & NBFCs for lowest interest rates and personalized doorstep advisory.,Home Loan & Loan Against Property Assistance in Delhi NCR,1500–2200,FinancialService + WebSite + Organization,"/home-loan, /loan-against-property, /home-loan-delhi, /home-loan-eligibility, /contact",Check Eligibility & Compare 70+ Banks,Index
Home Loan Hub,https://achlinks.in/home-loan,home loan,"home loan assistance, home loan rates, apply home loan",Commercial / Transactional,Best Home Loan Rates & Advisory in Delhi NCR | Group ACH,Compare top bank home loan rates in Delhi NCR starting from competitive benchmark rates. Get instant sanction guidance with Group ACH.,Home Loan Advisory & Lowest Interest Rates in Delhi NCR,1400–1800,Service + FAQPage,"/home-loan-consultant, /home-loan-eligibility, /home-loan-documents, /contact",Apply for Home Loan Assistance,Index
Home Loan Consultant,https://achlinks.in/home-loan-consultant,home loan consultant,"home loan advisor, home loan agent, mortgage consultant",Commercial / Investigational,Expert Home Loan Consultant in Delhi NCR | Group ACH,Consult top home loan advisors at Group ACH. We negotiate with 70+ banks & NBFCs on your behalf for fastest sanction and maximum LTV.,Independent Home Loan Consultant for Top Banks & NBFCs,1200–1600,Service + BreadcrumbList,"/home-loan, /home-loan-delhi, /home-loan-for-salaried, /about",Talk to a Home Loan Advisor,Index
Loan Against Property Hub,https://achlinks.in/loan-against-property,loan against property,"loan against property consultant, property loan, mortgage loan",Commercial / Transactional,Loan Against Property (LAP) Advisory & Low Rates | Group ACH,Unlock up to 75% market value of residential or commercial property with Loan Against Property advisory by Group ACH in Delhi NCR.,Loan Against Property (LAP) - Unlock Equity From Your Real Estate,1400–1800,Service + FAQPage,"/loan-against-property-delhi, /home-loan-documents, /contact",Request LAP Consultation,Index
Loan Against Property Delhi,https://achlinks.in/loan-against-property-delhi,loan against property in Delhi,"loan against property consultant Delhi, property loan Delhi",Local Commercial,Loan Against Property in Delhi: Highest LTV & Fast Sanction | Group ACH,Get Loan Against Property in Delhi with transparent evaluation, high LTV, and door-step processing for residential & commercial units.,Loan Against Property in Delhi for Residential & Commercial Assets,1200–1500,LocalBusiness + Service,"/loan-against-property, /home-loan-delhi, /contact",Check Property Loan Eligibility,Index
Home Loan in Delhi,https://achlinks.in/home-loan-delhi,home loan in Delhi,"home loan consultant in Delhi, home loan advisor in Delhi",Local Commercial,Home Loan in Delhi: Compare 70+ Banks & Lowest Rates | Group ACH,Get the best Home Loan in Delhi for DDA flats, builder floors, and freehold properties. Group ACH provides doorstep assistance and legal checks.,Home Loan Solutions & Advisory Across Delhi,1200–1600,LocalBusiness + Service,"/home-loan, /home-loan-delhi-ncr, /home-loan-documents, /contact",Get Delhi Home Loan Support,Index
Home Loan in Delhi NCR,https://achlinks.in/home-loan-delhi-ncr,home loan consultant in Delhi NCR,"home loan assistance Delhi NCR, home loan Gurugram, home loan Noida",Local Commercial,Home Loan Consultant in Delhi NCR (Gurugram Noida Ghaziabad) | Group ACH,Home loan assistance across Delhi NCR including Gurugram, Noida, Ghaziabad, and Faridabad. Zero branch runs with doorstep advisory.,Home Loan Advisory Across Entire Delhi NCR Region,1200–1600,LocalBusiness + Service,"/home-loan-delhi, /home-loan-eligibility, /contact",Schedule Doorstep Consultation,Index
Home Loan Eligibility Guide,https://achlinks.in/home-loan-eligibility,home loan eligibility,"home loan eligibility calculator, how to improve home loan eligibility",Informational / Commercial,Home Loan Eligibility Calculator & Criteria in India | Group ACH,Understand FOIR, salary multiplier, CIBIL score requirements, and methods to boost your home loan eligibility with Group ACH advisors.,Home Loan Eligibility Criteria: Calculate Maximum Borrowing Power,1500–1800,HowTo + FAQPage,"/home-loan, /home-loan-balance-transfer, /contact",Calculate Your Eligibility,Index
Home Loan Documents Checklist,https://achlinks.in/home-loan-documents,home loan documents,"documents required for home loan, home loan paperwork",Informational,Home Loan Documents Checklist for Salaried & Self-Employed | Group ACH,Complete checklist of documents required for Home Loan approval in India. KYC, income proofs, property chain papers, and sanction requisites.,Complete Home Loan Documents Required Checklist,1400–1800,Article + FAQPage,"/home-loan, /home-loan-for-salaried, /home-loan-for-self-employed",Download Document Checklist,Index
Home Loan Balance Transfer,https://achlinks.in/home-loan-balance-transfer,home loan balance transfer,"home loan transfer, transfer home loan, lower home loan emi",Commercial / Transactional,Home Loan Balance Transfer: Reduce EMI & Top-Up Loan | Group ACH,Transfer your existing home loan to a lower interest rate. Calculate interest savings, top-up eligibility, and smooth foreclosure takeover.,Home Loan Balance Transfer Assistance & Interest Savings,1200–1500,Service + FAQPage,"/home-loan, /home-loan-eligibility, /contact",Calculate Transfer Savings,Index
Home Loan for Salaried,https://achlinks.in/home-loan-for-salaried,home loan for salaried,"home loan for salaried person, salaried home loan interest rate",Commercial / Persona,Home Loan for Salaried Employees: Fast Approval & Low EMI | Group ACH,Exclusive home loan advisory for salaried professionals working in MNCs, IT, and government sectors. Enjoy minimal documentation & low spreads.,Home Loan for Salaried Professionals in MNCs & Government,1100–1400,Service + BreadcrumbList,"/home-loan-documents, /home-loan-eligibility, /contact",Apply as Salaried Applicant,Index
Home Loan for Self Employed,https://achlinks.in/home-loan-for-self-employed,home loan for self employed,"home loan for business owner, self employed mortgage loan",Commercial / Persona,Home Loan for Self Employed & Business Owners | Group ACH,Specialized home loan structuring for self-employed professionals, traders, and SME owners based on GST, turnover, and banking surrogates.,Home Loan Solutions for Self-Employed & Business Proprietors,1200–1500,Service + BreadcrumbList,"/home-loan-documents, /loan-against-property, /contact",Explore Self-Employed Loan Schemes,Index
About Us,https://achlinks.in/about,Group ACH,"about group ach, ach links, authorized loan connector",E-E-A-T Brand,About Group ACH: 70+ Partner Institutions & Loan Advisory,Learn about Group ACH's mission, leadership, multi-bank network, and customer-first loan advisory across India.,About Group ACH - Transparent Loan Connecting Advisory,900–1200,AboutPage + Organization,"/home-loan, /loan-against-property, /contact",Speak With Our Senior Advisors,Index
Contact Us,https://achlinks.in/contact,home loan consultant near me,"group ach contact, loan advisor hotline, doorstep assistance",Transactional,Contact Group ACH: Direct Advisory Hotline & Consultation,Connect with Group ACH loan specialists for doorstep service, instant WhatsApp advice, and customized mortgage quotes.,Contact Group ACH Loan Specialists,600–900,ContactPage + LocalBusiness,"/home-loan, /loan-against-property, /home-loan-delhi",Request Immediate Callback,Index
FAQs Hub,https://achlinks.in/faq,home loan faqs,"loan against property questions, mortgage query India",Informational,Frequently Asked Questions: Home Loans & Property Loans | Group ACH,Answers to common questions regarding home loan approval, interest rate calculation, CIBIL impact, foreclosure, and documentation.,Home Loan & Property Finance Knowledge Base,1500–2000,FAQPage,"/home-loan, /loan-against-property, /home-loan-documents",Have a Specific Question? Chat Now,Index
Blog Hub,https://achlinks.in/blog,home loan guides,"mortgage advice blog, property loan articles, real estate finance India",Informational Hub,Home Loan & Real Estate Finance Guides | Group ACH Blog,Expert insights, regulatory updates, tax saving tips, and smart borrowing strategies written by seasoned mortgage consultants.,Mortgage Insights, Rate Trends & Home Loan Guides,Scalable Hub,CollectionPage,"/home-loan, /loan-against-property, /home-loan-eligibility",Browse All Loan Guides,Index
